{
    "parent": "item/generated",
    "textures": {
        "layer0": "item/egg"
    },
    "overrides": [
        {
            "predicate": {
                "custom_model_data": 1
            },
            "model": "item/green_circle"
        },
        {
            "predicate": {
                "custom_model_data": 2
            },
            "model": "item/green_note"
        },
		{
            "predicate": {
                "custom_model_data": 3
            },
            "model": "item/red_circle"
        },
		{
            "predicate": {
                "custom_model_data": 4
            },
            "model": "item/red_note"
        },
		{
            "predicate": {
                "custom_model_data": 5
            },
            "model": "item/yellow_circle"
        },
		{
            "predicate": {
                "custom_model_data": 6
            },
            "model": "item/yellow_note"
        },
		{
            "predicate": {
                "custom_model_data": 7
            },
            "model": "item/blue_circle"
        },
		{
            "predicate": {
                "custom_model_data": 8
            },
            "model": "item/blue_note"
        },
		{
            "predicate": {
                "custom_model_data": 9
            },
            "model": "item/orange_circle"
        },
		{
            "predicate": {
                "custom_model_data": 10
            },
            "model": "item/orange_note"
        },
		{
            "predicate": {
                "custom_model_data": 11
            },
            "model": "item/green_line"
        },
		{
            "predicate": {
                "custom_model_data": 12
            },
            "model": "item/red_line"
        },
		{
            "predicate": {
                "custom_model_data": 13
            },
			"model": "item/yellow_line"
		},
		{
            "predicate": {
                "custom_model_data": 14
            },
            "model": "item/blue_line"
        },
		{
            "predicate": {
                "custom_model_data": 15
            },
            "model": "item/orange_line"
        },
		{
            "predicate": {
                "custom_model_data": 16
            },
            "model": "item/power_note"
        },
		{
            "predicate": {
                "custom_model_data": 17
            },
            "model": "item/power_line"
        }
	]
}